                  epoch,         train/box_loss,         train/cls_loss,         train/dfl_loss,   metrics/precision(B),      metrics/recall(B),       metrics/mAP50(B),    metrics/mAP50-95(B),           val/box_loss,           val/cls_loss,           val/dfl_loss,                 lr/pg0,                 lr/pg1,                 lr/pg2
                      1,                0.79815,                 2.6359,                 1.2423,                0.00357,                      1,                 0.8089,                0.66858,                0.52382,                 2.9157,                 1.0661,             0.00020004,             0.00020004,             0.00020004
                      2,                0.70061,                 1.5279,                 1.1561,                0.95504,                0.48601,                 0.9153,                0.71711,                0.53644,                 2.7136,                 1.0727,             0.00033423,             0.00033423,             0.00033423
                      3,                0.66274,                 1.2173,                 1.1003,                0.87387,                0.85764,                0.94825,                0.78801,                0.60042,                 1.9361,                 1.1274,             0.00038261,             0.00038261,             0.00038261
                      4,                0.61097,                 1.0728,                 1.0775,                0.91802,                0.85904,                0.96938,                0.79267,                0.65378,                 1.8916,                 1.1609,             0.00034517,             0.00034517,             0.00034517
                      5,                0.57575,                0.99098,                 1.0517,                0.97376,                0.95645,                0.99371,                0.83953,                0.60358,                 1.5822,                 1.1054,             0.00022191,             0.00022191,             0.00022191
